file_registry_id$,id,sample_id,operator,sample_collection_id,Analyte,[Nanodrop]ng/ul,A260A280,A260A230,[Qubit]ng/ul,solution_used,solution_lot_number,sample_type,project,folder_id$,Sampling Device,Source Specimen,Special Condition,name
EXT369,bfi_QDTs7oDq,bfi_c9INo9Zv,Vy Lam,bfi_AEG1vKlA,DNA,7.2,1.93,1.8,4.23,bfi_dH8GtdrK,17711700,Swabs,iSwab DNA,lib_zB7K6M5W,Puritan Cotton-Tipped Applicators,Buccal Cells,No,iSWAB
EXT368,bfi_PTY0Q1On,bfi_6A9oOSVh,Vy Lam,bfi_AEG1vKlA,DNA,19.7,2.07,1.85,8.24,bfi_dH8GtdrK,17711700,Swabs,iSwab DNA,lib_zB7K6M5W,Puritan Cotton-Tipped Applicators,Buccal Cells,No,iSWAB
EXT367,bfi_SIv9EHqG,bfi_vNWqSSdi,Vy Lam,bfi_AEG1vKlA,DNA,8.2,2.03,2.28,5.0,bfi_dH8GtdrK,17711700,Swabs,iSwab DNA,lib_zB7K6M5W,Puritan Cotton-Tipped Applicators,Buccal Cells,No,iSWAB
EXT366,bfi_Rxjrle5V,bfi_xg6qvuob,Vy Lam,bfi_AEG1vKlA,DNA,9.0,2.02,1.72,3.57,bfi_dH8GtdrK,17711700,Swabs,iSwab DNA,lib_zB7K6M5W,Puritan Cotton-Tipped Applicators,Buccal Cells,No,iSWAB
EXT365,bfi_q7KsiMhX,bfi_SeV5fjMh,Vy Lam,bfi_AEG1vKlA,DNA,6.1,2.28,2.72,3.2,bfi_dH8GtdrK,17711700,Swabs,iSwab DNA,lib_zB7K6M5W,Puritan Cotton-Tipped Applicators,Buccal Cells,No,iSWAB
EXT364,bfi_dqibwYaJ,bfi_1eFRpdpZ,Vy Lam,bfi_AEG1vKlA,DNA,11.9,2.13,2.92,7.36,bfi_dH8GtdrK,17711700,Swabs,iSwab DNA,lib_zB7K6M5W,Puritan Cotton-Tipped Applicators,Buccal Cells,No,iSWAB
EXT363,bfi_khByEodj,bfi_DChnMqVj,Vy Lam,bfi_AEG1vKlA,DNA,10.2,1.81,1.51,6.96,bfi_dH8GtdrK,17711700,Swabs,iSwab DNA,lib_zB7K6M5W,Puritan Cotton-Tipped Applicators,Buccal Cells,No,iSWAB
EXT362,bfi_fRoJ8ICH,bfi_45o6IVIm,Vy Lam,bfi_AEG1vKlA,DNA,4.6,2.13,3.36,2.64,bfi_dH8GtdrK,17711700,Swabs,iSwab DNA,lib_zB7K6M5W,Puritan Cotton-Tipped Applicators,Buccal Cells,No,iSWAB
EXT361,bfi_wQqejKVY,bfi_xu1nivMr,Vy Lam,bfi_AEG1vKlA,DNA,11.1,2.13,2.8,6.64,bfi_dH8GtdrK,17711700,Swabs,iSwab DNA,lib_zB7K6M5W,Puritan Cotton-Tipped Applicators,Buccal Cells,No,iSWAB
EXT360,bfi_MTs2RXLn,bfi_Z6C86mjJ,Vy Lam,bfi_AEG1vKlA,DNA,12.6,2.16,2.78,8.16,bfi_dH8GtdrK,17711700,Swabs,iSwab DNA,lib_zB7K6M5W,Puritan Cotton-Tipped Applicators,Buccal Cells,No,iSWAB
EXT359,bfi_jvSV6zM5,bfi_jb44FROG,Vy Lam,bfi_AEG1vKlA,DNA,14.8,1.88,1.8,5.08,bfi_dH8GtdrK,17711700,Swabs,iSwab DNA,lib_zB7K6M5W,Puritan Cotton-Tipped Applicators,Buccal Cells,No,iSWAB
EXT358,bfi_OfSZmkuD,bfi_WcJ5mqkt,Vy Lam,bfi_AEG1vKlA,DNA,7.3,2.21,2.13,4.52,bfi_dH8GtdrK,17711700,Swabs,iSwab DNA,lib_zB7K6M5W,Puritan Cotton-Tipped Applicators,Buccal Cells,No,iSWAB
EXT908,bfi_2Zpf5Vr1,bfi_5vDbAfVu,Vy Lam,bfi_ODJSjZci,DNA,6.4,2.95,2.74,3.58,bfi_dH8GtdrK,19312900,DNA,iSwab DNA,lib_zB7K6M5W,Puritan PurFlock Ultra,Buccal Cells,No,iSWAB
EXT907,bfi_C45CfFmu,bfi_gaAbSI7Z,Vy Lam,bfi_ODJSjZci,DNA,8.9,2.18,2.48,5.56,bfi_dH8GtdrK,19312900,DNA,iSwab DNA,lib_zB7K6M5W,Puritan PurFlock Ultra,Buccal Cells,No,iSWAB
EXT906,bfi_MmlxMYVA,bfi_apNV39pJ,Vy Lam,bfi_ODJSjZci,DNA,21.9,2.11,2.15,17.4,bfi_dH8GtdrK,19312900,DNA,iSwab DNA,lib_zB7K6M5W,Puritan PurFlock Ultra,Buccal Cells,No,iSWAB
EXT905,bfi_9vawebXh,bfi_yUGZ4biX,Vy Lam,bfi_ODJSjZci,DNA,52.8,1.94,2.12,44.4,bfi_dH8GtdrK,19312900,DNA,iSwab DNA,lib_zB7K6M5W,Puritan PurFlock Ultra,Buccal Cells,No,iSWAB
EXT904,bfi_Be8E34nu,bfi_RToEwgKm,Vy Lam,bfi_ODJSjZci,DNA,3.8,2.22,2.88,2.08,bfi_dH8GtdrK,19312900,DNA,iSwab DNA,lib_zB7K6M5W,Puritan PurFlock Ultra,Buccal Cells,No,iSWAB
EXT903,bfi_pP8f9Vo5,bfi_tNi7Jzdk,Vy Lam,bfi_ODJSjZci,DNA,32.6,2.07,2.22,17.2,bfi_dH8GtdrK,19312900,DNA,iSwab DNA,lib_zB7K6M5W,Puritan PurFlock Ultra,Buccal Cells,No,iSWAB
EXT902,bfi_4oVT4sEg,bfi_5qbuCn9s,Vy Lam,bfi_ODJSjZci,DNA,15.9,2.04,1.82,8.48,bfi_dH8GtdrK,19312900,DNA,iSwab DNA,lib_zB7K6M5W,Puritan PurFlock Ultra,Buccal Cells,No,iSWAB
EXT901,bfi_VfAkn15h,bfi_mOAL6CYx,Vy Lam,bfi_ODJSjZci,DNA,19.3,2.15,2.76,10.9,bfi_dH8GtdrK,19312900,DNA,iSwab DNA,lib_zB7K6M5W,Puritan PurFlock Ultra,Buccal Cells,No,iSWAB
EXT900,bfi_axcZgDX6,bfi_V8c1lPmB,Vy Lam,bfi_ODJSjZci,DNA,12.5,2.28,2.71,8.64,bfi_dH8GtdrK,19312900,DNA,iSwab DNA,lib_zB7K6M5W,Puritan PurFlock Ultra,Buccal Cells,No,iSWAB
EXT899,bfi_aeluQyCr,bfi_nk4LEKkF,Vy Lam,bfi_ODJSjZci,DNA,36.4,2.05,1.94,16.9,bfi_dH8GtdrK,19312900,DNA,iSwab DNA,lib_zB7K6M5W,Puritan PurFlock Ultra,Buccal Cells,No,iSWAB
EXT898,bfi_JQH8jm9L,bfi_THwwX4NU,Vy Lam,bfi_ODJSjZci,DNA,31.2,2.11,2.09,14.6,bfi_dH8GtdrK,19312900,DNA,iSwab DNA,lib_zB7K6M5W,Puritan PurFlock Ultra,Buccal Cells,No,iSWAB
EXT897,bfi_pttYO8az,bfi_U60YemtS,Vy Lam,bfi_ODJSjZci,DNA,23.0,2.39,2.27,7.08,bfi_dH8GtdrK,19312900,DNA,iSwab DNA,lib_zB7K6M5W,Puritan PurFlock Ultra,Buccal Cells,No,iSWAB
EXT896,bfi_Tm0hvtTj,bfi_5LvWo3oj,Vy Lam,bfi_ODJSjZci,DNA,16.8,2.41,1.97,6.84,bfi_dH8GtdrK,19312900,DNA,iSwab DNA,lib_zB7K6M5W,Puritan PurFlock Ultra,Buccal Cells,No,iSWAB
EXT895,bfi_jatPsnhm,bfi_jd9hu7Sl,Vy Lam,bfi_ODJSjZci,DNA,17.3,2.03,1.04,8.64,bfi_dH8GtdrK,17953700,DNA,iSwab DNA,lib_zB7K6M5W,Puritan PurFlock Ultra,Buccal Cells,No,iSWAB
EXT894,bfi_GI4cE84f,bfi_m8XTVwZP,Vy Lam,bfi_ODJSjZci,DNA,37.5,1.91,2.21,31.4,bfi_dH8GtdrK,17953700,DNA,iSwab DNA,lib_zB7K6M5W,Puritan PurFlock Ultra,Buccal Cells,No,iSWAB
EXT893,bfi_0ta86R6T,bfi_vltsZI3S,Vy Lam,bfi_ODJSjZci,DNA,43.1,1.96,2.27,37.4,bfi_dH8GtdrK,17953700,DNA,iSwab DNA,lib_zB7K6M5W,Puritan PurFlock Ultra,Buccal Cells,No,iSWAB
EXT892,bfi_1SIVBVT9,bfi_eL9DEXh2,Vy Lam,bfi_ODJSjZci,DNA,4.9,2.38,2.87,2.68,bfi_dH8GtdrK,17953700,DNA,iSwab DNA,lib_zB7K6M5W,Puritan PurFlock Ultra,Buccal Cells,No,iSWAB
EXT891,bfi_TAFKYsMj,bfi_UOWkLecd,Vy Lam,bfi_ODJSjZci,DNA,50.2,1.96,2.28,42.8,bfi_dH8GtdrK,17953700,DNA,iSwab DNA,lib_zB7K6M5W,Puritan PurFlock Ultra,Buccal Cells,No,iSWAB
EXT890,bfi_FH4g9ffh,bfi_SEx8UvlR,Vy Lam,bfi_ODJSjZci,DNA,17.5,2.16,1.9,10.7,bfi_dH8GtdrK,17953700,DNA,iSwab DNA,lib_zB7K6M5W,Puritan PurFlock Ultra,Buccal Cells,No,iSWAB
EXT889,bfi_7vCyc9pK,bfi_mrm2aYVd,Vy Lam,bfi_ODJSjZci,DNA,24.1,2.19,2.64,18.5,bfi_dH8GtdrK,17953700,DNA,iSwab DNA,lib_zB7K6M5W,Puritan PurFlock Ultra,Buccal Cells,No,iSWAB
EXT321,bfi_h75lzoZH,bfi_7b1RtngT,Vy Lam,bfi_ODJSjZci,DNA,17.6,2.0,1.85,8.6,bfi_dH8GtdrK,17711700,Swabs,iSwab DNA,lib_zB7K6M5W,Puritan PurFlock Ultra,Buccal Cells,No,iSWAB
EXT320,bfi_VmmjMm5E,bfi_KxL4hznj,Vy Lam,bfi_ODJSjZci,DNA,16.4,2.01,1.26,9.92,bfi_dH8GtdrK,17711700,Swabs,iSwab DNA,lib_zB7K6M5W,Puritan PurFlock Ultra,Buccal Cells,No,iSWAB
EXT319,bfi_ZSjPjA9W,bfi_5zGqk2GP,Vy Lam,bfi_ODJSjZci,DNA,9.5,1.87,2.21,4.96,bfi_dH8GtdrK,17711700,Swabs,iSwab DNA,lib_zB7K6M5W,Puritan PurFlock Ultra,Buccal Cells,No,iSWAB
EXT318,bfi_RBJ6X1P8,bfi_9Zws9IcI,Vy Lam,bfi_ODJSjZci,DNA,13.4,1.95,2.11,4.44,bfi_dH8GtdrK,17711700,Swabs,iSwab DNA,lib_zB7K6M5W,Puritan PurFlock Ultra,Buccal Cells,No,iSWAB
EXT278,bfi_nK8zFV5C,bfi_WU580HJq,Rigel Sison,bfi_ODJSjZci,DNA,45.6,2.07,2.43,19.32,bfi_dH8GtdrK,17953700,Swabs,iSwab DNA,lib_zB7K6M5W,Puritan PurFlock Ultra,Buccal Cells,No,iSWAB
EXT289,bfi_eYkoeEN4,bfi_WU580HJq,Vy Lam,bfi_ODJSjZci,DNA,43.58,2.0475,2.4275,15.5,bfi_dH8GtdrK,17953700,Swabs,iSwab DNA,lib_zB7K6M5W,Puritan PurFlock Ultra,Buccal Cells,No,iSWAB
EXT277,bfi_cRrrdeLb,bfi_AkR4aHHN,Rigel Sison,bfi_ODJSjZci,DNA,40.9,2.05,2.38,17.56,bfi_dH8GtdrK,17953700,Swabs,iSwab DNA,lib_zB7K6M5W,Puritan PurFlock Ultra,Buccal Cells,No,iSWAB
EXT288,bfi_HFGZhGdX,bfi_AkR4aHHN,Vy Lam,bfi_ODJSjZci,DNA,41.39,2.123,2.4515,13.9,bfi_dH8GtdrK,17953700,Swabs,iSwab DNA,lib_zB7K6M5W,Puritan PurFlock Ultra,Buccal Cells,No,iSWAB
EXT285,bfi_8TmT19eR,bfi_uoCdTAZk,Vy Lam,bfi_ODJSjZci,DNA,11.2,2.302,2.7675,5.08,bfi_dH8GtdrK,17953700,Swabs,iSwab DNA,lib_zB7K6M5W,Puritan PurFlock Ultra,Buccal Cells,No,iSWAB
EXT276,bfi_PUwND9cE,bfi_uoCdTAZk,Rigel Sison,bfi_ODJSjZci,DNA,14.9,1.85,1.44,2.28,bfi_dH8GtdrK,17953700,Swabs,iSwab DNA,lib_zB7K6M5W,Puritan PurFlock Ultra,Buccal Cells,No,iSWAB
EXT275,bfi_0XHTF5v6,bfi_sjMP3IQg,Rigel Sison,bfi_ODJSjZci,DNA,39.0,2.03,2.44,9.0,bfi_dH8GtdrK,17953700,Swabs,iSwab DNA,lib_zB7K6M5W,Puritan PurFlock Ultra,Buccal Cells,No,iSWAB
EXT283,bfi_SMB8goL5,bfi_sjMP3IQg,Vy Lam,bfi_ODJSjZci,DNA,39.21,2.08025,2.149,14.0,bfi_dH8GtdrK,17953700,Swabs,iSwab DNA,lib_zB7K6M5W,Puritan PurFlock Ultra,Buccal Cells,No,iSWAB
EXT280,bfi_fWvTpgz4,bfi_NMwr5Nqp,Vy Lam,bfi_ODJSjZci,DNA,11.41,2.20133333,2.989,4.68,bfi_dH8GtdrK,17953700,Swabs,iSwab DNA,lib_zB7K6M5W,Puritan PurFlock Ultra,Buccal Cells,No,iSWAB
EXT274,bfi_xSISFdfZ,bfi_NMwr5Nqp,Rigel Sison,bfi_ODJSjZci,DNA,15.0,2.27,2.23,3.66,bfi_dH8GtdrK,17953700,Swabs,iSwab DNA,lib_zB7K6M5W,Puritan PurFlock Ultra,Buccal Cells,No,iSWAB
EXT273,bfi_9HnpnZUS,bfi_cvV7VgF2,Rigel Sison,bfi_ODJSjZci,DNA,18.1,1.98,2.1,6.72,bfi_dH8GtdrK,17953700,Swabs,iSwab DNA,lib_zB7K6M5W,Puritan PurFlock Ultra,Buccal Cells,No,iSWAB
EXT261,bfi_usUcxzSt,bfi_cvV7VgF2,Vy Lam,bfi_ODJSjZci,DNA,14.33,1.809,1.6615,10.4,bfi_dH8GtdrK,17953700,Swabs,iSwab DNA,lib_zB7K6M5W,Puritan PurFlock Ultra,Buccal Cells,No,iSWAB
EXT258,bfi_el0hCnKF,bfi_I8oFou05,Vy Lam,bfi_ODJSjZci,DNA,29.09,1.906,2.08,23.7,bfi_dH8GtdrK,17953700,Swabs,iSwab DNA,lib_zB7K6M5W,Puritan PurFlock Ultra,Buccal Cells,No,iSWAB
EXT272,bfi_avcW0MH6,bfi_I8oFou05,Rigel Sison,bfi_ODJSjZci,DNA,31.1,1.86,1.82,11.4,bfi_dH8GtdrK,17953700,Swabs,iSwab DNA,lib_zB7K6M5W,Puritan PurFlock Ultra,Buccal Cells,No,iSWAB
EXT271,bfi_bTZvm9vY,bfi_mbtIXdWD,Rigel Sison,bfi_ODJSjZci,DNA,13.3,1.97,1.71,4.64,bfi_dH8GtdrK,17953700,Swabs,iSwab DNA,lib_zB7K6M5W,Puritan PurFlock Ultra,Buccal Cells,No,iSWAB
EXT256,bfi_tl83UPvs,bfi_mbtIXdWD,Vy Lam,bfi_ODJSjZci,DNA,14.04,1.9015,2.04,9.32,bfi_dH8GtdrK,17953700,Swabs,iSwab DNA,lib_zB7K6M5W,Puritan PurFlock Ultra,Buccal Cells,No,iSWAB
EXT248,bfi_wtcKVp9E,bfi_PgmchVm8,Vy Lam,bfi_ODJSjZci,DNA,32.75,1.918,2.185,23.9,bfi_dH8GtdrK,17953700,Swabs,iSwab DNA,lib_zB7K6M5W,Puritan PurFlock Ultra,Buccal Cells,No,iSWAB
EXT270,bfi_6bjrlsFM,bfi_PgmchVm8,Rigel Sison,bfi_ODJSjZci,DNA,34.8,1.94,2.32,13.9,bfi_dH8GtdrK,17953700,Swabs,iSwab DNA,lib_zB7K6M5W,Puritan PurFlock Ultra,Buccal Cells,No,iSWAB
EXT247,bfi_in1DY3Vm,bfi_eaA1Xxjr,Vy Lam,bfi_ODJSjZci,DNA,7.32,2.09566667,0.850333,2.02,bfi_dH8GtdrK,17953700,Swabs,iSwab DNA,lib_zB7K6M5W,Puritan PurFlock Ultra,Buccal Cells,No,iSWAB
EXT269,bfi_dvpI9ZYF,bfi_eaA1Xxjr,Rigel Sison,bfi_ODJSjZci,DNA,5.1,1.96,1.14,0.66,bfi_dH8GtdrK,17953700,Swabs,iSwab DNA,lib_zB7K6M5W,Puritan PurFlock Ultra,Buccal Cells,No,iSWAB
EXT268,bfi_dEVETcn0,bfi_IQVECtlX,Rigel Sison,bfi_ODJSjZci,DNA,30.3,2.0,2.4,9.12,bfi_dH8GtdrK,17953700,Swabs,iSwab DNA,lib_zB7K6M5W,Puritan PurFlock Ultra,Buccal Cells,No,iSWAB
EXT246,bfi_W288Frvg,bfi_IQVECtlX,Vy Lam,bfi_ODJSjZci,DNA,36.61,2.0295,2.42,16.7,bfi_dH8GtdrK,17953700,Swabs,iSwab DNA,lib_zB7K6M5W,Puritan PurFlock Ultra,Buccal Cells,No,iSWAB
EXT267,bfi_TIBfXuM9,bfi_uTNr06Cz,Rigel Sison,bfi_ODJSjZci,DNA,25.2,2.0,2.72,10.02,bfi_dH8GtdrK,17953700,Swabs,iSwab DNA,lib_zB7K6M5W,Puritan PurFlock Ultra,Buccal Cells,No,iSWAB
EXT245,bfi_pyTT1tFE,bfi_uTNr06Cz,Vy Lam,bfi_ODJSjZci,DNA,30.58,1.939,2.3205,22.8,bfi_dH8GtdrK,17953700,Swabs,iSwab DNA,lib_zB7K6M5W,Puritan PurFlock Ultra,Buccal Cells,No,iSWAB
EXT244,bfi_L9I9mrt1,bfi_GqLoRzdM,Vy Lam,bfi_ODJSjZci,DNA,19.36,2.05,2.5555,15.8,bfi_dH8GtdrK,17953700,Swabs,iSwab DNA,lib_zB7K6M5W,Puritan PurFlock Ultra,Buccal Cells,No,iSWAB
EXT266,bfi_8JcRX6jR,bfi_GqLoRzdM,Rigel Sison,bfi_ODJSjZci,DNA,17.75,2.11,3.0,6.2,bfi_dH8GtdrK,17953700,Swabs,iSwab DNA,lib_zB7K6M5W,Puritan PurFlock Ultra,Buccal Cells,No,iSWAB
EXT290,bfi_LvDkm3OM,bfi_QR3hfzLH,Vy Lam,bfi_MncJU6Cz,DNA,18.32,2.209,1.8265,4.24,bfi_dH8GtdrK,17953700,Swabs,iSwab DNA,lib_zB7K6M5W,McKesson Cotton-Tipped Applicators (Wood Shaft),Buccal Cells,No,iSWAB
EXT282,bfi_xvmaNik2,bfi_J1QByCtz,Vy Lam,bfi_MncJU6Cz,DNA,11.64,2.098,1.281,6.0,bfi_dH8GtdrK,17953700,Swabs,iSwab DNA,lib_zB7K6M5W,McKesson Cotton-Tipped Applicators (Wood Shaft),Buccal Cells,No,iSWAB
EXT281,bfi_vVBSnzBJ,bfi_UkjrrMRg,Vy Lam,bfi_MncJU6Cz,DNA,13.36,2.136,1.7595,7.16,bfi_dH8GtdrK,17953700,Swabs,iSwab DNA,lib_zB7K6M5W,McKesson Cotton-Tipped Applicators (Wood Shaft),Buccal Cells,No,iSWAB
EXT279,bfi_yx6MnG4P,bfi_ngoBCelh,Vy Lam,bfi_MncJU6Cz,DNA,12.75,2.1825,2.9515,2.92,bfi_dH8GtdrK,17953700,Swabs,iSwab DNA,lib_zB7K6M5W,McKesson Cotton-Tipped Applicators (Wood Shaft),Buccal Cells,No,iSWAB
EXT260,bfi_ayyIjses,bfi_4YMJdPsY,Vy Lam,bfi_MncJU6Cz,DNA,10.99,1.9105,2.0065,3.9,bfi_dH8GtdrK,17953700,Swabs,iSwab DNA,lib_zB7K6M5W,McKesson Cotton-Tipped Applicators (Wood Shaft),Buccal Cells,No,iSWAB
EXT259,bfi_O3jZn6aP,bfi_mP4luXES,Vy Lam,bfi_MncJU6Cz,DNA,5.88,2.246,2.451,1.51,bfi_dH8GtdrK,17953700,Swabs,iSwab DNA,lib_zB7K6M5W,McKesson Cotton-Tipped Applicators (Wood Shaft),Buccal Cells,No,iSWAB
EXT255,bfi_lr3xtPsu,bfi_lgArZrL7,Vy Lam,bfi_MncJU6Cz,DNA,6.07,2.0245,4.171,2.61,bfi_dH8GtdrK,17953700,Swabs,iSwab DNA,lib_zB7K6M5W,McKesson Cotton-Tipped Applicators (Wood Shaft),Buccal Cells,No,iSWAB
EXT254,bfi_FyyGDLHW,bfi_h4naLGy4,Vy Lam,bfi_MncJU6Cz,DNA,7.25,2.3075,2.4995,3.26,bfi_dH8GtdrK,17953700,Swabs,iSwab DNA,lib_zB7K6M5W,McKesson Cotton-Tipped Applicators (Wood Shaft),Buccal Cells,No,iSWAB
EXT253,bfi_sFgl0Sfq,bfi_a8nnuOB9,Vy Lam,bfi_MncJU6Cz,DNA,14.34,1.8875,1.355,6.92,bfi_dH8GtdrK,17953700,Swabs,iSwab DNA,lib_zB7K6M5W,McKesson Cotton-Tipped Applicators (Wood Shaft),Buccal Cells,No,iSWAB
EXT252,bfi_CouE2UOJ,bfi_YQqUPizW,Vy Lam,bfi_MncJU6Cz,DNA,12.75,2.09933333,2.737333,4.44,bfi_dH8GtdrK,17953700,Swabs,iSwab DNA,lib_zB7K6M5W,McKesson Cotton-Tipped Applicators (Wood Shaft),Buccal Cells,No,iSWAB
EXT251,bfi_XirQBmdx,bfi_w0Kft2FB,Vy Lam,bfi_MncJU6Cz,DNA,10.13,1.84033333,1.218333,2.51,bfi_dH8GtdrK,17953700,Swabs,iSwab DNA,lib_zB7K6M5W,McKesson Cotton-Tipped Applicators (Wood Shaft),Buccal Cells,No,iSWAB
EXT250,bfi_sbXtrKvS,bfi_Vr0I2yDx,Vy Lam,bfi_MncJU6Cz,DNA,13.65,1.942,1.595,4.32,bfi_dH8GtdrK,17953700,Swabs,iSwab DNA,lib_zB7K6M5W,McKesson Cotton-Tipped Applicators (Wood Shaft),Buccal Cells,No,iSWAB
EXT771,bfi_gCVXaTmZ,bfi_Jow4buJZ,Vy Lam,bfi_HV04gRqJ,DNA,19.0,2.09,2.36,7.0,bfi_dH8GtdrK,17711700,DNA,iSwab DNA,lib_zB7K6M5W,Copan - FLOQSwabs,Buccal Cells,No,iSWAB
EXT770,bfi_o5eemfvq,bfi_Z2tBo1wd,Vy Lam,bfi_HV04gRqJ,DNA,38.2,1.96,2.27,7.56,bfi_dH8GtdrK,17711700,DNA,iSwab DNA,lib_zB7K6M5W,Copan - FLOQSwabs,Buccal Cells,No,iSWAB
EXT767,bfi_hbILZmWU,bfi_0y7R2RCm,Vy Lam,bfi_HV04gRqJ,DNA,19.3,1.98,2.06,7.8,bfi_dH8GtdrK,17953700,DNA,iSwab DNA,lib_zB7K6M5W,Copan - FLOQSwabs,Buccal Cells,No,iSWAB
EXT766,bfi_FceHHpQB,bfi_zNFp9PU5,Vy Lam,bfi_HV04gRqJ,DNA,27.3,1.93,2.11,9.2,bfi_dH8GtdrK,17953700,DNA,iSwab DNA,lib_zB7K6M5W,Copan - FLOQSwabs,Buccal Cells,No,iSWAB
EXT628,bfi_ZJchvP6y,bfi_wDPQa4JN,Vy Lam,bfi_HV04gRqJ,DNA,35.7,1.96,2.06,25.76,bfi_dH8GtdrK,17953700,DNA,iSwab DNA,lib_zB7K6M5W,Copan - FLOQSwabs,Buccal Cells,No,iSWAB
EXT652,bfi_JaijDrTd,bfi_wDPQa4JN,Rigel Sison,bfi_HV04gRqJ,DNA,29.8,1.82,1.8,22.7,bfi_dH8GtdrK,17953700,DNA,iSwab DNA,lib_zB7K6M5W,Copan - FLOQSwabs,Buccal Cells,No,iSWAB
EXT627,bfi_ar60bhRU,bfi_8fOso5sZ,Vy Lam,bfi_HV04gRqJ,DNA,58.3,2.1,1.86,21.3,bfi_dH8GtdrK,17953700,DNA,iSwab DNA,lib_zB7K6M5W,Copan - FLOQSwabs,Buccal Cells,No,iSWAB
EXT651,bfi_0nxwA2ih,bfi_8fOso5sZ,Rigel Sison,bfi_HV04gRqJ,DNA,58.0,2.01,1.97,14.3,bfi_dH8GtdrK,17953700,DNA,iSwab DNA,lib_zB7K6M5W,Copan - FLOQSwabs,Buccal Cells,No,iSWAB
EXT650,bfi_1fn8cXzU,bfi_HGYR28Ws,Rigel Sison,bfi_HV04gRqJ,DNA,94.5,1.82,2.01,62.4,bfi_dH8GtdrK,17953700,DNA,iSwab DNA,lib_zB7K6M5W,Copan - FLOQSwabs,Buccal Cells,No,iSWAB
EXT626,bfi_dkOZZgRc,bfi_HGYR28Ws,Vy Lam,bfi_HV04gRqJ,DNA,99.9,1.9,1.97,66.0,bfi_dH8GtdrK,17953700,DNA,iSwab DNA,lib_zB7K6M5W,Copan - FLOQSwabs,Buccal Cells,No,iSWAB
EXT649,bfi_V1tky8CV,bfi_bkgXu5rf,Rigel Sison,bfi_HV04gRqJ,DNA,33.9,1.8,1.71,26.7,bfi_dH8GtdrK,17953700,DNA,iSwab DNA,lib_zB7K6M5W,Copan - FLOQSwabs,Buccal Cells,No,iSWAB
EXT625,bfi_Mw2PTE6e,bfi_bkgXu5rf,Vy Lam,bfi_HV04gRqJ,DNA,33.0,1.97,1.37,22.3,bfi_dH8GtdrK,17953700,DNA,iSwab DNA,lib_zB7K6M5W,Copan - FLOQSwabs,Buccal Cells,No,iSWAB
EXT624,bfi_71HtW0ZS,bfi_ApIkLUVe,Vy Lam,bfi_HV04gRqJ,DNA,9.8,1.95,0.73,2.08,bfi_dH8GtdrK,17953700,DNA,iSwab DNA,lib_zB7K6M5W,Copan - FLOQSwabs,Buccal Cells,No,iSWAB
EXT648,bfi_FkXyY54I,bfi_ApIkLUVe,Rigel Sison,bfi_HV04gRqJ,DNA,10.7,1.59,1.16,3.13,bfi_dH8GtdrK,17953700,DNA,iSwab DNA,lib_zB7K6M5W,Copan - FLOQSwabs,Buccal Cells,No,iSWAB
EXT623,bfi_XaZRGHwW,bfi_oTqCVpoQ,Vy Lam,bfi_HV04gRqJ,DNA,36.2,2.13,1.72,20.1,bfi_dH8GtdrK,17953700,DNA,iSwab DNA,lib_zB7K6M5W,Copan - FLOQSwabs,Buccal Cells,No,iSWAB
EXT647,bfi_SuxYfaVu,bfi_oTqCVpoQ,Rigel Sison,bfi_HV04gRqJ,DNA,40.9,1.92,2.2,21.2,bfi_dH8GtdrK,17953700,DNA,iSwab DNA,lib_zB7K6M5W,Copan - FLOQSwabs,Buccal Cells,No,iSWAB
EXT622,bfi_Br9S2HXw,bfi_rPQlyI1D,Vy Lam,bfi_HV04gRqJ,DNA,11.8,2.23,0.74,8.2,bfi_dH8GtdrK,17953700,DNA,iSwab DNA,lib_zB7K6M5W,Copan - FLOQSwabs,Buccal Cells,No,iSWAB
EXT646,bfi_ocJK654f,bfi_rPQlyI1D,Rigel Sison,bfi_HV04gRqJ,DNA,13.3,1.84,1.7,9.08,bfi_dH8GtdrK,17953700,DNA,iSwab DNA,lib_zB7K6M5W,Copan - FLOQSwabs,Buccal Cells,No,iSWAB
EXT645,bfi_GXqLL3Ow,bfi_sVHozKRe,Rigel Sison,bfi_HV04gRqJ,DNA,38.3,1.74,0.95,22.0,bfi_dH8GtdrK,17953700,DNA,iSwab DNA,lib_zB7K6M5W,Copan - FLOQSwabs,Buccal Cells,No,iSWAB
EXT621,bfi_dVHvgsdL,bfi_sVHozKRe,Vy Lam,bfi_HV04gRqJ,DNA,32.9,1.98,1.87,22.0,bfi_dH8GtdrK,17953700,DNA,iSwab DNA,lib_zB7K6M5W,Copan - FLOQSwabs,Buccal Cells,No,iSWAB
EXT644,bfi_bSS7HcKy,bfi_en82mw0Q,Rigel Sison,bfi_HV04gRqJ,DNA,23.5,1.96,1.96,16.2,bfi_dH8GtdrK,17953700,DNA,iSwab DNA,lib_zB7K6M5W,Copan - FLOQSwabs,Buccal Cells,No,iSWAB
EXT620,bfi_ZVSvFzSs,bfi_en82mw0Q,Vy Lam,bfi_HV04gRqJ,DNA,24.1,1.97,1.4,15.1,bfi_dH8GtdrK,17953700,DNA,iSwab DNA,lib_zB7K6M5W,Copan - FLOQSwabs,Buccal Cells,No,iSWAB
EXT619,bfi_ifi7A2Vd,bfi_fsPc8BJe,Vy Lam,bfi_HV04gRqJ,DNA,24.5,2.13,2.55,11.5,bfi_dH8GtdrK,17953700,DNA,iSwab DNA,lib_zB7K6M5W,Copan - FLOQSwabs,Buccal Cells,No,iSWAB
EXT643,bfi_0sV2J8U4,bfi_fsPc8BJe,Rigel Sison,bfi_HV04gRqJ,DNA,23.0,1.83,1.91,12.0,bfi_dH8GtdrK,17953700,DNA,iSwab DNA,lib_zB7K6M5W,Copan - FLOQSwabs,Buccal Cells,No,iSWAB
EXT618,bfi_hiOTxZ9X,bfi_fWI0iVE1,Vy Lam,bfi_HV04gRqJ,DNA,13.7,2.15,1.29,6.0,bfi_dH8GtdrK,17953700,DNA,iSwab DNA,lib_zB7K6M5W,Copan - FLOQSwabs,Buccal Cells,No,iSWAB
EXT642,bfi_rXtp6viS,bfi_fWI0iVE1,Rigel Sison,bfi_HV04gRqJ,DNA,15.9,1.97,1.92,8.56,bfi_dH8GtdrK,17953700,DNA,iSwab DNA,lib_zB7K6M5W,Copan - FLOQSwabs,Buccal Cells,No,iSWAB
EXT641,bfi_wArforql,bfi_P35stE2Z,Rigel Sison,bfi_HV04gRqJ,DNA,17.9,1.95,1.63,3.31,bfi_dH8GtdrK,17953700,DNA,iSwab DNA,lib_zB7K6M5W,Copan - FLOQSwabs,Buccal Cells,No,iSWAB
EXT617,bfi_oZLvP2SJ,bfi_P35stE2Z,Vy Lam,bfi_HV04gRqJ,DNA,14.2,2.21,2.5,4.77,bfi_dH8GtdrK,17953700,DNA,iSwab DNA,lib_zB7K6M5W,Copan - FLOQSwabs,Buccal Cells,No,iSWAB
EXT452,bfi_O2U6hcs1,bfi_Uy66NXov,Vy Lam,bfi_HV04gRqJ,DNA,5.5,2.21,1.6,1.91,bfi_dH8GtdrK,17953700,Swabs,iSwab DNA,lib_zB7K6M5W,Copan - FLOQSwabs,Buccal Cells,No,iSWAB
EXT451,bfi_aCOyZZdB,bfi_uHaeQNcE,Vy Lam,bfi_HV04gRqJ,DNA,18.0,2.55,2.63,3.29,bfi_dH8GtdrK,17953700,Swabs,iSwab DNA,lib_zB7K6M5W,Copan - FLOQSwabs,Buccal Cells,No,iSWAB
EXT450,bfi_dm85te36,bfi_2nkjfQ5O,Vy Lam,bfi_HV04gRqJ,DNA,5.2,2.35,2.1,2.18,bfi_dH8GtdrK,17953700,Swabs,iSwab DNA,lib_zB7K6M5W,Copan - FLOQSwabs,Buccal Cells,No,iSWAB
EXT449,bfi_TFkdFHGo,bfi_ERC77bKd,Vy Lam,bfi_HV04gRqJ,DNA,31.8,2.03,1.36,7.44,bfi_dH8GtdrK,17711700,Swabs,iSwab DNA,lib_zB7K6M5W,Copan - FLOQSwabs,Buccal Cells,No,iSWAB
EXT448,bfi_Aju1gsid,bfi_VwFvRVrt,Vy Lam,bfi_HV04gRqJ,DNA,13.0,2.2,1.99,5.52,bfi_dH8GtdrK,17711700,Swabs,iSwab DNA,lib_zB7K6M5W,Copan - FLOQSwabs,Buccal Cells,No,iSWAB
EXT447,bfi_6rnKffwO,bfi_kKfOUlnh,Vy Lam,bfi_HV04gRqJ,DNA,22.1,2.13,1.59,9.04,bfi_dH8GtdrK,17711700,Swabs,iSwab DNA,lib_zB7K6M5W,Copan - FLOQSwabs,Buccal Cells,No,iSWAB
EXT446,bfi_b095dW9F,bfi_i16SQ5N3,Vy Lam,bfi_HV04gRqJ,DNA,5.3,2.86,2.91,2.33,bfi_dH8GtdrK,17711700,Swabs,iSwab DNA,lib_zB7K6M5W,Copan - FLOQSwabs,Buccal Cells,No,iSWAB
EXT445,bfi_9LYIHh6x,bfi_xofk2tK6,Vy Lam,bfi_HV04gRqJ,DNA,40.1,2.12,2.21,10.4,bfi_dH8GtdrK,17953700,Swabs,iSwab DNA,lib_zB7K6M5W,Copan - FLOQSwabs,Buccal Cells,No,iSWAB
EXT444,bfi_suD1RkX8,bfi_EOgGkuTz,Vy Lam,bfi_HV04gRqJ,DNA,14.1,2.11,2.88,8.24,bfi_dH8GtdrK,17711700,Swabs,iSwab DNA,lib_zB7K6M5W,Copan - FLOQSwabs,Buccal Cells,No,iSWAB
EXT443,bfi_FX45b6mH,bfi_UUYRxC4S,Vy Lam,bfi_HV04gRqJ,DNA,18.6,2.16,1.88,8.4,bfi_dH8GtdrK,17953700,Swabs,iSwab DNA,lib_zB7K6M5W,Copan - FLOQSwabs,Buccal Cells,No,iSWAB
EXT437,bfi_X2pvvFbJ,bfi_nnyxlIKy,Vy Lam,bfi_HV04gRqJ,DNA,25.6,2.09,2.68,10.0,bfi_dH8GtdrK,17953700,Swabs,iSwab DNA,lib_zB7K6M5W,Copan - FLOQSwabs,Buccal Cells,No,iSWAB
EXT436,bfi_Inb9EdRK,bfi_R6K1oFMm,Vy Lam,bfi_HV04gRqJ,DNA,34.0,2.04,2.31,13.8,bfi_dH8GtdrK,17711700,Swabs,iSwab DNA,lib_zB7K6M5W,Copan - FLOQSwabs,Buccal Cells,No,iSWAB
EXT435,bfi_sHUakmGg,bfi_jyBvtqIX,Vy Lam,bfi_HV04gRqJ,DNA,4.4,2.28,2.48,2.26,bfi_dH8GtdrK,17711700,Swabs,iSwab DNA,lib_zB7K6M5W,Copan - FLOQSwabs,Buccal Cells,No,iSWAB
EXT434,bfi_UyS3PJx4,bfi_OxGaxXt7,Vy Lam,bfi_HV04gRqJ,DNA,11.9,1.92,2.16,5.36,bfi_dH8GtdrK,17711700,Swabs,iSwab DNA,lib_zB7K6M5W,Copan - FLOQSwabs,Buccal Cells,No,iSWAB
EXT433,bfi_nBAnWcRf,bfi_8rfNmLiv,Vy Lam,bfi_HV04gRqJ,DNA,24.6,2.11,2.33,7.8,bfi_dH8GtdrK,17711700,Swabs,iSwab DNA,lib_zB7K6M5W,Copan - FLOQSwabs,Buccal Cells,No,iSWAB
EXT432,bfi_ifN9SNZ1,bfi_Jcv3p7LT,Vy Lam,bfi_HV04gRqJ,DNA,29.4,1.97,2.35,12.6,bfi_dH8GtdrK,17711700,Swabs,iSwab DNA,lib_zB7K6M5W,Copan - FLOQSwabs,Buccal Cells,No,iSWAB
EXT431,bfi_8W43JK7J,bfi_v7FWA7M0,Vy Lam,bfi_HV04gRqJ,DNA,11.6,2.08,3.03,3.52,bfi_dH8GtdrK,17711700,Swabs,iSwab DNA,lib_zB7K6M5W,Copan - FLOQSwabs,Buccal Cells,No,iSWAB
EXT430,bfi_Kbf6KEKA,bfi_jBsexFpz,Vy Lam,bfi_HV04gRqJ,DNA,4.4,1.99,3.39,1.95,bfi_dH8GtdrK,17953700,Swabs,iSwab DNA,lib_zB7K6M5W,Copan - FLOQSwabs,Buccal Cells,No,iSWAB
EXT429,bfi_j8ZYAkju,bfi_yz0l0PJ3,Vy Lam,bfi_HV04gRqJ,DNA,14.3,2.01,2.6,6.04,bfi_dH8GtdrK,17953700,Swabs,iSwab DNA,lib_zB7K6M5W,Copan - FLOQSwabs,Buccal Cells,No,iSWAB
EXT428,bfi_ABz7nS9E,bfi_6DSy494i,Vy Lam,bfi_HV04gRqJ,DNA,31.9,2.02,2.6,8.16,bfi_dH8GtdrK,17953700,Swabs,iSwab DNA,lib_zB7K6M5W,Copan - FLOQSwabs,Buccal Cells,No,iSWAB
EXT427,bfi_F5J9ugDG,bfi_WJD92Wmz,Vy Lam,bfi_HV04gRqJ,DNA,17.4,1.92,1.54,6.72,bfi_dH8GtdrK,17953700,Swabs,iSwab DNA,lib_zB7K6M5W,Copan - FLOQSwabs,Buccal Cells,No,iSWAB
EXT426,bfi_Nj5S1Mvd,bfi_4sgzsSyT,Vy Lam,bfi_HV04gRqJ,DNA,10.9,1.98,2.44,2.65,bfi_dH8GtdrK,17953700,Swabs,iSwab DNA,lib_zB7K6M5W,Copan - FLOQSwabs,Buccal Cells,No,iSWAB
EXT425,bfi_VetJrO7C,bfi_A2m4plWO,Vy Lam,bfi_HV04gRqJ,DNA,12.5,1.68,2.71,6.8,bfi_dH8GtdrK,17711700,Swabs,iSwab DNA,lib_zB7K6M5W,Copan - FLOQSwabs,Buccal Cells,No,iSWAB
EXT424,bfi_asSDZEh4,bfi_XdoHFa5Z,Vy Lam,bfi_HV04gRqJ,DNA,32.8,1.85,2.1,11.4,bfi_dH8GtdrK,17711700,Swabs,iSwab DNA,lib_zB7K6M5W,Copan - FLOQSwabs,Buccal Cells,No,iSWAB
EXT423,bfi_ISC2Ueia,bfi_mMO9jYOo,Vy Lam,bfi_HV04gRqJ,DNA,16.7,1.7,1.59,8.52,bfi_dH8GtdrK,17711700,Swabs,iSwab DNA,lib_zB7K6M5W,Copan - FLOQSwabs,Buccal Cells,No,iSWAB
EXT422,bfi_IGqFqMdp,bfi_f4yNI2ci,Vy Lam,bfi_HV04gRqJ,DNA,16.7,1.7,2.17,10.0,bfi_dH8GtdrK,17711700,Swabs,iSwab DNA,lib_zB7K6M5W,Copan - FLOQSwabs,Buccal Cells,No,iSWAB
EXT421,bfi_g1CmnLJs,bfi_a8j60vmk,Vy Lam,bfi_HV04gRqJ,DNA,7.6,1.66,3.99,4.04,bfi_dH8GtdrK,17711700,Swabs,iSwab DNA,lib_zB7K6M5W,Copan - FLOQSwabs,Buccal Cells,No,iSWAB
EXT420,bfi_giMoKjU7,bfi_NBzeUZcX,Vy Lam,bfi_HV04gRqJ,DNA,30.4,1.87,2.24,12.2,bfi_dH8GtdrK,17711700,Swabs,iSwab DNA,lib_zB7K6M5W,Copan - FLOQSwabs,Buccal Cells,No,iSWAB
EXT419,bfi_yEdpKL3r,bfi_pwYeKaJ9,Vy Lam,bfi_HV04gRqJ,DNA,14.1,1.7,1.97,9.6,bfi_dH8GtdrK,17711700,Swabs,iSwab DNA,lib_zB7K6M5W,Copan - FLOQSwabs,Buccal Cells,No,iSWAB
EXT418,bfi_B5IRPF6g,bfi_UAtPLO4J,Vy Lam,bfi_HV04gRqJ,DNA,11.3,1.58,1.81,4.92,bfi_dH8GtdrK,17711700,Swabs,iSwab DNA,lib_zB7K6M5W,Copan - FLOQSwabs,Buccal Cells,No,iSWAB
EXT417,bfi_ITtRrnJd,bfi_uj8jMw1W,Vy Lam,bfi_HV04gRqJ,DNA,12.1,1.6,1.83,6.28,bfi_dH8GtdrK,17711700,Swabs,iSwab DNA,lib_zB7K6M5W,Copan - FLOQSwabs,Buccal Cells,No,iSWAB
EXT416,bfi_Jc7u1KED,bfi_DmufplVk,Vy Lam,bfi_HV04gRqJ,DNA,35.3,1.96,2.28,11.4,bfi_dH8GtdrK,17711700,Swabs,iSwab DNA,lib_zB7K6M5W,Copan - FLOQSwabs,Buccal Cells,No,iSWAB
EXT415,bfi_iBlkLxi2,bfi_9VqeJvUB,Vy Lam,bfi_HV04gRqJ,DNA,22.4,1.72,2.32,14.9,bfi_dH8GtdrK,17711700,Swabs,iSwab DNA,lib_zB7K6M5W,Copan - FLOQSwabs,Buccal Cells,No,iSWAB
EXT414,bfi_GdUolhXv,bfi_z4gh7ntX,Vy Lam,bfi_HV04gRqJ,DNA,13.5,1.65,1.48,4.44,bfi_dH8GtdrK,17711700,Swabs,iSwab DNA,lib_zB7K6M5W,Copan - FLOQSwabs,Buccal Cells,No,iSWAB
EXT413,bfi_DwbTb6bQ,bfi_bsJRmk2P,Vy Lam,bfi_HV04gRqJ,DNA,18.0,1.72,2.12,10.6,bfi_dH8GtdrK,17953700,Swabs,iSwab DNA,lib_zB7K6M5W,Copan - FLOQSwabs,Buccal Cells,No,iSWAB
EXT412,bfi_3QATJn09,bfi_gE2r4Dxn,Vy Lam,bfi_HV04gRqJ,DNA,16.5,1.84,2.2,5.76,bfi_dH8GtdrK,17953700,Swabs,iSwab DNA,lib_zB7K6M5W,Copan - FLOQSwabs,Buccal Cells,No,iSWAB
EXT411,bfi_90qWXlWf,bfi_zZ0WKGmx,Vy Lam,bfi_HV04gRqJ,DNA,13.8,1.75,2.01,6.24,bfi_dH8GtdrK,17953700,Swabs,iSwab DNA,lib_zB7K6M5W,Copan - FLOQSwabs,Buccal Cells,No,iSWAB
EXT410,bfi_BCBEYaYT,bfi_4QNIoxlO,Vy Lam,bfi_HV04gRqJ,DNA,20.2,1.72,2.06,13.0,bfi_dH8GtdrK,17953700,Swabs,iSwab DNA,lib_zB7K6M5W,Copan - FLOQSwabs,Buccal Cells,No,iSWAB
EXT409,bfi_cbHLXxMV,bfi_VPFjBY5U,Vy Lam,bfi_HV04gRqJ,DNA,7.7,1.51,2.4,3.0,bfi_dH8GtdrK,17953700,Swabs,iSwab DNA,lib_zB7K6M5W,Copan - FLOQSwabs,Buccal Cells,No,iSWAB
EXT408,bfi_IyUcg5wG,bfi_917sj7VU,Vy Lam,bfi_HV04gRqJ,DNA,26.5,1.92,2.12,15.2,bfi_dH8GtdrK,17953700,Swabs,iSwab DNA,lib_zB7K6M5W,Copan - FLOQSwabs,Buccal Cells,No,iSWAB
EXT407,bfi_rpq65nsV,bfi_ojyr9dFr,Vy Lam,bfi_HV04gRqJ,DNA,14.3,1.7,1.57,8.28,bfi_dH8GtdrK,17953700,Swabs,iSwab DNA,lib_zB7K6M5W,Copan - FLOQSwabs,Buccal Cells,No,iSWAB
EXT406,bfi_eTguBwH7,bfi_wSO0PLTm,Vy Lam,bfi_HV04gRqJ,DNA,12.2,2.01,2.01,4.44,bfi_dH8GtdrK,17953700,Swabs,iSwab DNA,lib_zB7K6M5W,Copan - FLOQSwabs,Buccal Cells,No,iSWAB
EXT405,bfi_DyOFeSrj,bfi_Tmtwzc1Q,Vy Lam,bfi_HV04gRqJ,DNA,13.7,1.74,1.66,5.44,bfi_dH8GtdrK,17953700,Swabs,iSwab DNA,lib_zB7K6M5W,Copan - FLOQSwabs,Buccal Cells,No,iSWAB
EXT404,bfi_aiaR5yhu,bfi_mhxFVb6x,Vy Lam,bfi_HV04gRqJ,DNA,36.5,1.89,2.15,13.4,bfi_dH8GtdrK,17953700,Swabs,iSwab DNA,lib_zB7K6M5W,Copan - FLOQSwabs,Buccal Cells,No,iSWAB
EXT403,bfi_VkfDDK2O,bfi_UR5IJQuG,Vy Lam,bfi_HV04gRqJ,DNA,23.1,0.8,2.04,12.7,bfi_dH8GtdrK,17953700,Swabs,iSwab DNA,lib_zB7K6M5W,Copan - FLOQSwabs,Buccal Cells,No,iSWAB
EXT402,bfi_g3T7UgZ9,bfi_pB1LjYx5,Vy Lam,bfi_HV04gRqJ,DNA,15.6,1.74,2.12,5.88,bfi_dH8GtdrK,17953700,Swabs,iSwab DNA,lib_zB7K6M5W,Copan - FLOQSwabs,Buccal Cells,No,iSWAB
EXT317,bfi_Db9JEHoL,bfi_23VjgD1N,Vy Lam,bfi_HV04gRqJ,DNA,7.0,1.91,1.24,2.62,bfi_dH8GtdrK,17711700,Swabs,iSwab DNA,lib_zB7K6M5W,Copan - FLOQSwabs,Buccal Cells,No,iSWAB
EXT342,bfi_qTHrk7UA,bfi_23VjgD1N,Rigel Sison,bfi_HV04gRqJ,DNA,6.3,1.71,1.51,1.72,bfi_dH8GtdrK,17711700,Swabs,iSwab DNA,lib_zB7K6M5W,Copan - FLOQSwabs,Buccal Cells,No,iSWAB
EXT316,bfi_tKFdeypM,bfi_7Ypydz4i,Vy Lam,bfi_HV04gRqJ,DNA,26.1,2.01,1.86,8.16,bfi_dH8GtdrK,17711700,Swabs,iSwab DNA,lib_zB7K6M5W,Copan - FLOQSwabs,Buccal Cells,No,iSWAB
EXT341,bfi_fQ6ftrEY,bfi_7Ypydz4i,Rigel Sison,bfi_HV04gRqJ,DNA,24.1,1.92,2.02,8.39,bfi_dH8GtdrK,17711700,Swabs,iSwab DNA,lib_zB7K6M5W,Copan - FLOQSwabs,Buccal Cells,No,iSWAB
EXT340,bfi_ismIhfoD,bfi_tkZPVi1K,Rigel Sison,bfi_HV04gRqJ,DNA,8.0,1.9,2.55,1.73,bfi_dH8GtdrK,17711700,Swabs,iSwab DNA,lib_zB7K6M5W,Copan - FLOQSwabs,Buccal Cells,No,iSWAB
EXT315,bfi_nWbgnP2y,bfi_tkZPVi1K,Vy Lam,bfi_HV04gRqJ,DNA,7.0,2.17,1.88,3.74,bfi_dH8GtdrK,17711700,Swabs,iSwab DNA,lib_zB7K6M5W,Copan - FLOQSwabs,Buccal Cells,No,iSWAB
EXT339,bfi_paTxdcsw,bfi_NdoZ50gT,Rigel Sison,bfi_HV04gRqJ,DNA,32.2,1.94,1.87,8.44,bfi_dH8GtdrK,17711700,Swabs,iSwab DNA,lib_zB7K6M5W,Copan - FLOQSwabs,Buccal Cells,No,iSWAB
EXT314,bfi_BLN75kTL,bfi_NdoZ50gT,Vy Lam,bfi_HV04gRqJ,DNA,24.9,2.09,2.44,8.24,bfi_dH8GtdrK,17711700,Swabs,iSwab DNA,lib_zB7K6M5W,Copan - FLOQSwabs,Buccal Cells,No,iSWAB
EXT313,bfi_So4MT32u,bfi_dUJOyoA8,Vy Lam,bfi_HV04gRqJ,DNA,6.9,2.21,2.31,2.67,bfi_dH8GtdrK,17711700,Swabs,iSwab DNA,lib_zB7K6M5W,Copan - FLOQSwabs,Buccal Cells,No,iSWAB
EXT338,bfi_GqeaDL5Q,bfi_dUJOyoA8,Rigel Sison,bfi_HV04gRqJ,DNA,6.9,2.26,1.74,1.65,bfi_dH8GtdrK,17711700,Swabs,iSwab DNA,lib_zB7K6M5W,Copan - FLOQSwabs,Buccal Cells,No,iSWAB
EXT312,bfi_e14VNV8T,bfi_d504sCOn,Vy Lam,bfi_HV04gRqJ,DNA,15.6,2.03,2.17,8.8,bfi_dH8GtdrK,17711700,Swabs,iSwab DNA,lib_zB7K6M5W,Copan - FLOQSwabs,Buccal Cells,No,iSWAB
EXT337,bfi_dP3qNtld,bfi_d504sCOn,Rigel Sison,bfi_HV04gRqJ,DNA,14.2,1.8,2.48,7.54,bfi_dH8GtdrK,17711700,Swabs,iSwab DNA,lib_zB7K6M5W,Copan - FLOQSwabs,Buccal Cells,No,iSWAB
EXT336,bfi_VXi7Wje8,bfi_xCn6n0RS,Rigel Sison,bfi_HV04gRqJ,DNA,14.5,1.8,1.44,5.67,bfi_dH8GtdrK,17711700,Swabs,iSwab DNA,lib_zB7K6M5W,Copan - FLOQSwabs,Buccal Cells,No,iSWAB
EXT311,bfi_0hqzLnPs,bfi_xCn6n0RS,Vy Lam,bfi_HV04gRqJ,DNA,11.1,1.88,1.63,6.72,bfi_dH8GtdrK,17711700,Swabs,iSwab DNA,lib_zB7K6M5W,Copan - FLOQSwabs,Buccal Cells,No,iSWAB
EXT335,bfi_jPyFlgxv,bfi_qV45DqbS,Rigel Sison,bfi_HV04gRqJ,DNA,5.7,2.22,1.87,1.32,bfi_dH8GtdrK,17711700,Swabs,iSwab DNA,lib_zB7K6M5W,Copan - FLOQSwabs,Buccal Cells,No,iSWAB
EXT310,bfi_C2ZTkalD,bfi_qV45DqbS,Vy Lam,bfi_HV04gRqJ,DNA,7.3,1.99,1.42,2.75,bfi_dH8GtdrK,17711700,Swabs,iSwab DNA,lib_zB7K6M5W,Copan - FLOQSwabs,Buccal Cells,No,iSWAB
EXT334,bfi_eL1ACu3Y,bfi_ot6ItAfg,Rigel Sison,bfi_HV04gRqJ,DNA,13.8,1.91,2.41,4.76,bfi_dH8GtdrK,17711700,Swabs,iSwab DNA,lib_zB7K6M5W,Copan - FLOQSwabs,Buccal Cells,No,iSWAB
EXT309,bfi_lX2S8Eru,bfi_ot6ItAfg,Vy Lam,bfi_HV04gRqJ,DNA,13.7,1.93,2.67,5.88,bfi_dH8GtdrK,17711700,Swabs,iSwab DNA,lib_zB7K6M5W,Copan - FLOQSwabs,Buccal Cells,No,iSWAB
EXT308,bfi_TgZonW1D,bfi_lsXKq9OZ,Vy Lam,bfi_HV04gRqJ,DNA,14.4,1.89,2.85,7.8,bfi_dH8GtdrK,17711700,Swabs,iSwab DNA,lib_zB7K6M5W,Copan - FLOQSwabs,Buccal Cells,No,iSWAB
EXT333,bfi_uLgVSd1Z,bfi_lsXKq9OZ,Rigel Sison,bfi_HV04gRqJ,DNA,16.3,1.96,2.1,6.44,bfi_dH8GtdrK,17711700,Swabs,iSwab DNA,lib_zB7K6M5W,Copan - FLOQSwabs,Buccal Cells,No,iSWAB
EXT307,bfi_sje6lAe5,bfi_waQmBMpE,Vy Lam,bfi_HV04gRqJ,DNA,10.9,2.03,2.35,5.48,bfi_dH8GtdrK,17711700,Swabs,iSwab DNA,lib_zB7K6M5W,Copan - FLOQSwabs,Buccal Cells,No,iSWAB
EXT332,bfi_gLRXuiHc,bfi_waQmBMpE,Rigel Sison,bfi_HV04gRqJ,DNA,12.2,1.87,1.18,2.7,bfi_dH8GtdrK,17711700,Swabs,iSwab DNA,lib_zB7K6M5W,Copan - FLOQSwabs,Buccal Cells,No,iSWAB
EXT331,bfi_J29mAzAe,bfi_icWZE8W5,Rigel Sison,bfi_HV04gRqJ,DNA,12.5,12.5,1.96,3.23,bfi_dH8GtdrK,17711700,Swabs,iSwab DNA,lib_zB7K6M5W,Copan - FLOQSwabs,Buccal Cells,No,iSWAB
EXT306,bfi_0bFoGWQU,bfi_icWZE8W5,Vy Lam,bfi_HV04gRqJ,DNA,12.6,1.99,2.08,3.82,bfi_dH8GtdrK,17711700,Swabs,iSwab DNA,lib_zB7K6M5W,Copan - FLOQSwabs,Buccal Cells,No,iSWAB
EXT291,bfi_EHLpso86,bfi_APcN4H9b,Vy Lam,bfi_HV04gRqJ,DNA,16.07,2.126,2.001,7.84,bfi_dH8GtdrK,17953700,Swabs,iSwab DNA,lib_zB7K6M5W,Copan - FLOQSwabs,Buccal Cells,No,iSWAB
EXT287,bfi_vlxe64zV,bfi_fnILcaYF,Vy Lam,bfi_HV04gRqJ,DNA,17.86,2.23,2.331,8.2,bfi_dH8GtdrK,17953700,Swabs,iSwab DNA,lib_zB7K6M5W,Copan - FLOQSwabs,Buccal Cells,No,iSWAB
EXT286,bfi_ysMqrYXy,bfi_FZqBoPqv,Vy Lam,bfi_HV04gRqJ,DNA,27.77,2.1195,2.2485,6.88,bfi_dH8GtdrK,17953700,Swabs,iSwab DNA,lib_zB7K6M5W,Copan - FLOQSwabs,Buccal Cells,No,iSWAB
EXT284,bfi_NQhU9BtB,bfi_8zYqHNvP,Vy Lam,bfi_HV04gRqJ,DNA,23.07,2.085,2.5205,8.76,bfi_dH8GtdrK,17953700,Swabs,iSwab DNA,lib_zB7K6M5W,Copan - FLOQSwabs,Buccal Cells,No,iSWAB
EXT257,bfi_QxgkH9z5,bfi_N4qzvegQ,Vy Lam,bfi_HV04gRqJ,DNA,26.33,2.042,2.0015,9.04,bfi_dH8GtdrK,17953700,Swabs,iSwab DNA,lib_zB7K6M5W,Copan - FLOQSwabs,Buccal Cells,No,iSWAB
EXT249,bfi_i5zAA4Nf,bfi_efvQFpeY,Vy Lam,bfi_HV04gRqJ,DNA,13.05,1.725,1.375,6.04,bfi_dH8GtdrK,17953700,Swabs,iSwab DNA,lib_zB7K6M5W,Copan - FLOQSwabs,Buccal Cells,No,iSWAB
EXT243,bfi_MAeZM2he,bfi_eVev0fUH,Vy Lam,bfi_HV04gRqJ,DNA,12.82,2.025,2.112,7.0,bfi_dH8GtdrK,17953700,Swabs,iSwab DNA,lib_zB7K6M5W,Copan - FLOQSwabs,Buccal Cells,No,iSWAB
EXT242,bfi_nSkSy2YK,bfi_6zVSo38U,Vy Lam,bfi_HV04gRqJ,DNA,13.83,1.806,1.943,10.0,bfi_dH8GtdrK,17953700,Swabs,iSwab DNA,lib_zB7K6M5W,Copan - FLOQSwabs,Buccal Cells,No,iSWAB
EXT241,bfi_PBO8kTpS,bfi_5F3oVTg5,Vy Lam,bfi_HV04gRqJ,DNA,26.81,2.1095,2.482,9.6,bfi_dH8GtdrK,17953700,Swabs,iSwab DNA,lib_zB7K6M5W,Copan - FLOQSwabs,Buccal Cells,No,iSWAB
EXT240,bfi_vIP9R4SD,bfi_Gw4fd1pW,Vy Lam,bfi_HV04gRqJ,DNA,12.15,2.091,1.987,6.68,bfi_dH8GtdrK,17953700,Swabs,iSwab DNA,lib_zB7K6M5W,Copan - FLOQSwabs,Buccal Cells,No,iSWAB
EXT239,bfi_D6qCbmDW,bfi_47qPxpMp,Vy Lam,bfi_HV04gRqJ,DNA,9.41,2.167,2.578333,4.48,bfi_dH8GtdrK,17953700,Swabs,iSwab DNA,lib_zB7K6M5W,Copan - FLOQSwabs,Buccal Cells,No,iSWAB
EXT238,bfi_ghXSAt8Y,bfi_9oK2L3KX,Vy Lam,bfi_HV04gRqJ,DNA,21.62,1.97,1.837,7.6,bfi_dH8GtdrK,17953700,Swabs,iSwab DNA,lib_zB7K6M5W,Copan - FLOQSwabs,Buccal Cells,No,iSWAB
EXT330,bfi_aeUwVfq4,bfi_9oK2L3KX,Rigel Sison,bfi_HV04gRqJ,DNA,18.4,2.0,1.1,3.62,bfi_dH8GtdrK,17953700,Swabs,iSwab DNA,lib_zB7K6M5W,Copan - FLOQSwabs,Buccal Cells,No,iSWAB
EXT888,bfi_Dn37V7Yx,bfi_3GSYbKPd,Vy Lam,bfi_ODJSjZci,DNA,22.3,2.1,2.5,19.0,bfi_dH8GtdrK,17953700,DNA,iSwab DNA,lib_zB7K6M5W,Puritan PurFlock Ultra,Buccal Cells,No,iSWAB
EXT887,bfi_5HLvcR08,bfi_roI4yrBK,Vy Lam,bfi_ODJSjZci,DNA,28.6,2.13,2.59,17.0,bfi_dH8GtdrK,17953700,DNA,iSwab DNA,lib_zB7K6M5W,Puritan PurFlock Ultra,Buccal Cells,No,iSWAB
EXT886,bfi_FYc0hvyH,bfi_PgX6LmmB,Vy Lam,bfi_ODJSjZci,DNA,30.5,2.02,2.55,16.0,bfi_dH8GtdrK,17953700,DNA,iSwab DNA,lib_zB7K6M5W,Puritan PurFlock Ultra,Buccal Cells,No,iSWAB
EXT885,bfi_wIuxz4Jo,bfi_5s1JeCBy,Vy Lam,bfi_ODJSjZci,DNA,32.0,2.25,2.27,6.0,bfi_dH8GtdrK,17953700,DNA,iSwab DNA,lib_zB7K6M5W,Puritan PurFlock Ultra,Buccal Cells,No,iSWAB
EXT773,bfi_pJXzCksJ,bfi_qn8SaPTH,Vy Lam,bfi_ODJSjZci,DNA,14.8,1.93,2.1,5.92,bfi_dH8GtdrK,17711700,DNA,iSwab DNA,lib_zB7K6M5W,Puritan PurFlock Ultra,Buccal Cells,No,iSWAB
EXT772,bfi_49lvG7Kj,bfi_GM896r9P,Vy Lam,bfi_ODJSjZci,DNA,15.9,1.89,1.74,3.6,bfi_dH8GtdrK,17711700,DNA,iSwab DNA,lib_zB7K6M5W,Puritan PurFlock Ultra,Buccal Cells,No,iSWAB
EXT769,bfi_J3d5uYeX,bfi_yi2lKDuT,Vy Lam,bfi_ODJSjZci,DNA,29.7,1.98,2.06,10.5,bfi_dH8GtdrK,17953700,DNA,iSwab DNA,lib_zB7K6M5W,Puritan PurFlock Ultra,Buccal Cells,No,iSWAB
EXT768,bfi_Dz05kxs5,bfi_g2pZWpl9,Vy Lam,bfi_ODJSjZci,DNA,14.3,2.06,2.36,3.4,bfi_dH8GtdrK,17953700,DNA,iSwab DNA,lib_zB7K6M5W,Puritan PurFlock Ultra,Buccal Cells,No,iSWAB
EXT664,bfi_aFQI3kkW,bfi_AjJZ4Dji,Rigel Sison,bfi_ODJSjZci,DNA,24.8,1.79,1.8,16.8,bfi_dH8GtdrK,17711700,DNA,iSwab DNA,lib_zB7K6M5W,Puritan PurFlock Ultra,Buccal Cells,No,iSWAB
EXT640,bfi_xg9lKRDY,bfi_AjJZ4Dji,Vy Lam,bfi_ODJSjZci,DNA,31.9,2.0,1.61,18.2,bfi_dH8GtdrK,17711700,DNA,iSwab DNA,lib_zB7K6M5W,Puritan PurFlock Ultra,Buccal Cells,No,iSWAB
EXT663,bfi_sBPh4TU9,bfi_NaoJ3n2A,Rigel Sison,bfi_ODJSjZci,DNA,25.3,1.99,1.9,8.24,bfi_dH8GtdrK,17711700,DNA,iSwab DNA,lib_zB7K6M5W,Puritan PurFlock Ultra,Buccal Cells,No,iSWAB
EXT639,bfi_dy4mmLZR,bfi_NaoJ3n2A,Vy Lam,bfi_ODJSjZci,DNA,22.4,2.24,3.13,7.08,bfi_dH8GtdrK,17711700,DNA,iSwab DNA,lib_zB7K6M5W,Puritan PurFlock Ultra,Buccal Cells,No,iSWAB
EXT662,bfi_8mz4JS1L,bfi_Ow45C86q,Rigel Sison,bfi_ODJSjZci,DNA,32.2,1.86,1.52,12.2,bfi_dH8GtdrK,17711700,DNA,iSwab DNA,lib_zB7K6M5W,Puritan PurFlock Ultra,Buccal Cells,No,iSWAB
EXT638,bfi_iNqtGnub,bfi_Ow45C86q,Vy Lam,bfi_ODJSjZci,DNA,30.3,1.97,2.86,16.1,bfi_dH8GtdrK,17711700,DNA,iSwab DNA,lib_zB7K6M5W,Puritan PurFlock Ultra,Buccal Cells,No,iSWAB
EXT661,bfi_dMI9AMTm,bfi_QRsZFNfM,Rigel Sison,bfi_ODJSjZci,DNA,32.2,1.88,1.83,17.2,bfi_dH8GtdrK,17711700,DNA,iSwab DNA,lib_zB7K6M5W,Puritan PurFlock Ultra,Buccal Cells,No,iSWAB
EXT637,bfi_ZYclGwJg,bfi_QRsZFNfM,Vy Lam,bfi_ODJSjZci,DNA,34.4,2.01,1.72,16.2,bfi_dH8GtdrK,17711700,DNA,iSwab DNA,lib_zB7K6M5W,Puritan PurFlock Ultra,Buccal Cells,No,iSWAB
EXT660,bfi_9IXjW65X,bfi_mS6e24v8,Rigel Sison,bfi_ODJSjZci,DNA,6.1,1.64,1.24,2.08,bfi_dH8GtdrK,17711700,DNA,iSwab DNA,lib_zB7K6M5W,Puritan PurFlock Ultra,Buccal Cells,No,iSWAB
EXT636,bfi_p1OWeJi2,bfi_mS6e24v8,Vy Lam,bfi_ODJSjZci,DNA,5.7,2.58,1.42,1.5,bfi_dH8GtdrK,17711700,DNA,iSwab DNA,lib_zB7K6M5W,Puritan PurFlock Ultra,Buccal Cells,No,iSWAB
EXT659,bfi_NImNxnXm,bfi_OvmtKRo2,Rigel Sison,bfi_ODJSjZci,DNA,31.3,1.81,1.76,18.9,bfi_dH8GtdrK,17711700,DNA,iSwab DNA,lib_zB7K6M5W,Puritan PurFlock Ultra,Buccal Cells,No,iSWAB
EXT635,bfi_VzEc0hsv,bfi_OvmtKRo2,Vy Lam,bfi_ODJSjZci,DNA,28.9,2.02,1.77,16.6,bfi_dH8GtdrK,17711700,DNA,iSwab DNA,lib_zB7K6M5W,Puritan PurFlock Ultra,Buccal Cells,No,iSWAB
EXT658,bfi_8gX7V0Y3,bfi_sAgVAdBL,Rigel Sison,bfi_ODJSjZci,DNA,7.5,1.63,1.17,6.32,bfi_dH8GtdrK,17711700,DNA,iSwab DNA,lib_zB7K6M5W,Puritan PurFlock Ultra,Buccal Cells,No,iSWAB
EXT634,bfi_w3a5wVNm,bfi_sAgVAdBL,Vy Lam,bfi_ODJSjZci,DNA,7.1,2.21,2.94,4.4,bfi_dH8GtdrK,17711700,DNA,iSwab DNA,lib_zB7K6M5W,Puritan PurFlock Ultra,Buccal Cells,No,iSWAB
EXT657,bfi_G1nBhrMq,bfi_kIpE6kGk,Rigel Sison,bfi_ODJSjZci,DNA,22.2,1.81,1.94,12.4,bfi_dH8GtdrK,17711700,DNA,iSwab DNA,lib_zB7K6M5W,Puritan PurFlock Ultra,Buccal Cells,No,iSWAB
EXT633,bfi_3wTmis7R,bfi_kIpE6kGk,Vy Lam,bfi_ODJSjZci,DNA,24.9,2.03,2.33,15.3,bfi_dH8GtdrK,17711700,DNA,iSwab DNA,lib_zB7K6M5W,Puritan PurFlock Ultra,Buccal Cells,No,iSWAB
EXT656,bfi_qNy9B5x2,bfi_dRaMUdJM,Rigel Sison,bfi_ODJSjZci,DNA,25.4,1.88,1.95,21.2,bfi_dH8GtdrK,17953700,DNA,iSwab DNA,lib_zB7K6M5W,Puritan PurFlock Ultra,Buccal Cells,No,iSWAB
EXT632,bfi_XCIKKSEf,bfi_dRaMUdJM,Vy Lam,bfi_ODJSjZci,DNA,23.2,2.03,3.08,17.0,bfi_dH8GtdrK,17953700,DNA,iSwab DNA,lib_zB7K6M5W,Puritan PurFlock Ultra,Buccal Cells,No,iSWAB
EXT655,bfi_SyWRRFBs,bfi_4Gwzyf29,Rigel Sison,bfi_ODJSjZci,DNA,30.7,1.87,2.0,12.2,bfi_dH8GtdrK,17953700,DNA,iSwab DNA,lib_zB7K6M5W,Puritan PurFlock Ultra,Buccal Cells,No,iSWAB
EXT631,bfi_UTFay4GB,bfi_4Gwzyf29,Vy Lam,bfi_ODJSjZci,DNA,27.2,2.1,1.96,12.6,bfi_dH8GtdrK,17953700,DNA,iSwab DNA,lib_zB7K6M5W,Puritan PurFlock Ultra,Buccal Cells,No,iSWAB
EXT654,bfi_qAqD7gxZ,bfi_nzktKHXE,Rigel Sison,bfi_ODJSjZci,DNA,21.8,1.87,2.02,8.76,bfi_dH8GtdrK,17953700,DNA,iSwab DNA,lib_zB7K6M5W,Puritan PurFlock Ultra,Buccal Cells,No,iSWAB
EXT630,bfi_hQKCt6oQ,bfi_nzktKHXE,Vy Lam,bfi_ODJSjZci,DNA,17.7,2.08,3.83,6.0,bfi_dH8GtdrK,17953700,DNA,iSwab DNA,lib_zB7K6M5W,Puritan PurFlock Ultra,Buccal Cells,No,iSWAB
EXT629,bfi_qZdRpKHx,bfi_RWzCr4ks,Vy Lam,bfi_ODJSjZci,DNA,14.1,2.07,2.24,5.97,bfi_dH8GtdrK,17953700,DNA,iSwab DNA,lib_zB7K6M5W,Puritan PurFlock Ultra,Buccal Cells,No,iSWAB
EXT653,bfi_fqr4U9dC,bfi_RWzCr4ks,Rigel Sison,bfi_ODJSjZci,DNA,14.07,1.79,1.82,4.4,bfi_dH8GtdrK,17953700,DNA,iSwab DNA,lib_zB7K6M5W,Puritan PurFlock Ultra,Buccal Cells,No,iSWAB
EXT329,bfi_FyqS3ZzY,bfi_sG8pNK5C,Vy Lam,bfi_ODJSjZci,DNA,3.7,1.47,1.22,1.15,bfi_dH8GtdrK,17711700,Swabs,iSwab DNA,lib_zB7K6M5W,Puritan PurFlock Ultra,Buccal Cells,No,iSWAB
EXT328,bfi_h9MNJfMu,bfi_xo9p03Xj,Vy Lam,bfi_ODJSjZci,DNA,19.4,1.98,2.25,6.96,bfi_dH8GtdrK,17711700,Swabs,iSwab DNA,lib_zB7K6M5W,Puritan PurFlock Ultra,Buccal Cells,No,iSWAB
EXT327,bfi_8isQYHan,bfi_f5nvP7SJ,Vy Lam,bfi_ODJSjZci,DNA,5.7,2.0,2.53,2.07,bfi_dH8GtdrK,17711700,Swabs,iSwab DNA,lib_zB7K6M5W,Puritan PurFlock Ultra,Buccal Cells,No,iSWAB
EXT326,bfi_HT9GCqCa,bfi_Hz0C7kUT,Vy Lam,bfi_ODJSjZci,DNA,19.6,1.95,1.81,7.0,bfi_dH8GtdrK,17711700,Swabs,iSwab DNA,lib_zB7K6M5W,Puritan PurFlock Ultra,Buccal Cells,No,iSWAB
EXT325,bfi_95Ov8efR,bfi_4QmeK9ge,Vy Lam,bfi_ODJSjZci,DNA,5.8,2.25,1.98,3.29,bfi_dH8GtdrK,17711700,Swabs,iSwab DNA,lib_zB7K6M5W,Puritan PurFlock Ultra,Buccal Cells,No,iSWAB
EXT324,bfi_M613sdgL,bfi_qqRLPTMX,Vy Lam,bfi_ODJSjZci,DNA,29.2,2.0,2.34,12.1,bfi_dH8GtdrK,17711700,Swabs,iSwab DNA,lib_zB7K6M5W,Puritan PurFlock Ultra,Buccal Cells,No,iSWAB
EXT323,bfi_gLprBh2f,bfi_FWUI9WXp,Vy Lam,bfi_ODJSjZci,DNA,13.8,1.78,1.18,5.48,bfi_dH8GtdrK,17711700,Swabs,iSwab DNA,lib_zB7K6M5W,Puritan PurFlock Ultra,Buccal Cells,No,iSWAB
EXT322,bfi_CsHv4JfP,bfi_X9UWLnc6,Vy Lam,bfi_ODJSjZci,DNA,7.0,1.78,2.28,3.66,bfi_dH8GtdrK,17711700,Swabs,iSwab DNA,lib_zB7K6M5W,Puritan PurFlock Ultra,Buccal Cells,No,iSWAB
EXT1027,bfi_I2Z2Hvo0,bfi_vlweJEFy,Vy Lam,bfi_BQvLimdc,DNA,30.2,1.87,2.49,13.1,bfi_jnOzpQic,17953700,Swabs,iSwab DNA,lib_J8uY6RqY,Puritan PurFlock Ultra,Buccal Cells,No,250
EXT1075,bfi_JXplg5Lu,bfi_vlweJEFy,Andrew Wood,bfi_BQvLimdc,DNA,26.3,1.81,2.29,16.2,bfi_jnOzpQic,17953700,Swabs,iSwab DNA,lib_J8uY6RqY,Puritan PurFlock Ultra,Buccal Cells,No,250
EXT1051,bfi_LfLtGAC5,bfi_vlweJEFy,Rigel Sison,bfi_BQvLimdc,DNA,26.5,2.17,2.53,15.1,bfi_jnOzpQic,17953700,Swabs,iSwab DNA,lib_J8uY6RqY,Puritan PurFlock Ultra,Buccal Cells,No,250
EXT1026,bfi_z2rA8UWz,bfi_3LqovId0,Vy Lam,bfi_BQvLimdc,DNA,26.8,2.11,2.49,10.16,bfi_jnOzpQic,17953700,Swabs,iSwab DNA,lib_J8uY6RqY,Puritan PurFlock Ultra,Buccal Cells,No,250
EXT1074,bfi_OxdxehJc,bfi_3LqovId0,Andrew Wood,bfi_BQvLimdc,DNA,24.7,1.99,2.29,10.7,bfi_jnOzpQic,17953700,Swabs,iSwab DNA,lib_J8uY6RqY,Puritan PurFlock Ultra,Buccal Cells,No,250
EXT1050,bfi_LibVUEtJ,bfi_3LqovId0,Rigel Sison,bfi_BQvLimdc,DNA,26.8,2.2,1.64,12.2,bfi_jnOzpQic,17953700,Swabs,iSwab DNA,lib_J8uY6RqY,Puritan PurFlock Ultra,Buccal Cells,No,250
EXT1025,bfi_TzzAHR0Y,bfi_pxYrMTUc,Vy Lam,bfi_BQvLimdc,DNA,33.0,1.92,2.05,10.2,bfi_jnOzpQic,17953700,Swabs,iSwab DNA,lib_J8uY6RqY,Puritan PurFlock Ultra,Buccal Cells,No,250
EXT1073,bfi_YTlThJE9,bfi_pxYrMTUc,Andrew Wood,bfi_BQvLimdc,DNA,29.1,2.07,2.85,10.4,bfi_jnOzpQic,17953700,Swabs,iSwab DNA,lib_J8uY6RqY,Puritan PurFlock Ultra,Buccal Cells,No,250
EXT1049,bfi_ZPtQS5SM,bfi_pxYrMTUc,Rigel Sison,bfi_BQvLimdc,DNA,34.0,2.11,1.81,12.2,bfi_jnOzpQic,17953700,Swabs,iSwab DNA,lib_J8uY6RqY,Puritan PurFlock Ultra,Buccal Cells,No,250
EXT1024,bfi_3efLCp8Y,bfi_SrqeuLYH,Vy Lam,bfi_BQvLimdc,DNA,29.2,1.91,2.08,12.6,bfi_jnOzpQic,17953700,Swabs,iSwab DNA,lib_J8uY6RqY,Puritan PurFlock Ultra,Buccal Cells,No,250
EXT1072,bfi_v6zmuhLm,bfi_SrqeuLYH,Andrew Wood,bfi_BQvLimdc,DNA,26.6,1.99,1.8,12.0,bfi_jnOzpQic,17953700,Swabs,iSwab DNA,lib_J8uY6RqY,Puritan PurFlock Ultra,Buccal Cells,No,250
EXT1048,bfi_58DhVhsz,bfi_SrqeuLYH,Rigel Sison,bfi_BQvLimdc,DNA,30.3,1.89,1.6,17.6,bfi_jnOzpQic,17953700,Swabs,iSwab DNA,lib_J8uY6RqY,Puritan PurFlock Ultra,Buccal Cells,No,250
EXT1023,bfi_vdqOxBCB,bfi_3UsXLzTV,Vy Lam,bfi_BQvLimdc,DNA,75.2,1.84,1.96,44.8,bfi_jnOzpQic,17953700,Swabs,iSwab DNA,lib_J8uY6RqY,Puritan PurFlock Ultra,Buccal Cells,No,250
EXT1071,bfi_gGjGRXLo,bfi_3UsXLzTV,Andrew Wood,bfi_BQvLimdc,DNA,73.6,1.9,2.27,60.8,bfi_jnOzpQic,17953700,Swabs,iSwab DNA,lib_J8uY6RqY,Puritan PurFlock Ultra,Buccal Cells,No,250
EXT1047,bfi_WQIi82Np,bfi_3UsXLzTV,Rigel Sison,bfi_BQvLimdc,DNA,79.7,1.91,2.0,58.8,bfi_jnOzpQic,17953700,Swabs,iSwab DNA,lib_J8uY6RqY,Puritan PurFlock Ultra,Buccal Cells,No,250
EXT1022,bfi_KqlYouUC,bfi_bG7DlDBy,Vy Lam,bfi_BQvLimdc,DNA,18.6,2.0,2.57,4.32,bfi_jnOzpQic,17953700,Swabs,iSwab DNA,lib_J8uY6RqY,Puritan PurFlock Ultra,Buccal Cells,No,250
EXT1070,bfi_SXVpNqve,bfi_bG7DlDBy,Andrew Wood,bfi_BQvLimdc,DNA,17.4,2.15,2.85,5.56,bfi_jnOzpQic,17953700,Swabs,iSwab DNA,lib_J8uY6RqY,Puritan PurFlock Ultra,Buccal Cells,No,250
EXT1046,bfi_9VXm1dUw,bfi_bG7DlDBy,Rigel Sison,bfi_BQvLimdc,DNA,17.4,2.31,2.14,6.24,bfi_jnOzpQic,17953700,Swabs,iSwab DNA,lib_J8uY6RqY,Puritan PurFlock Ultra,Buccal Cells,No,250
EXT1021,bfi_nWzWweWt,bfi_gKNbPzLx,Vy Lam,bfi_BQvLimdc,DNA,34.3,1.88,2.34,16.8,bfi_jnOzpQic,17953700,Swabs,iSwab DNA,lib_J8uY6RqY,Puritan PurFlock Ultra,Buccal Cells,No,250
EXT1069,bfi_9kun8Ulw,bfi_gKNbPzLx,Andrew Wood,bfi_BQvLimdc,DNA,31.8,1.87,2.37,20.0,bfi_jnOzpQic,17953700,Swabs,iSwab DNA,lib_J8uY6RqY,Puritan PurFlock Ultra,Buccal Cells,No,250
EXT1045,bfi_r1NZpdw0,bfi_gKNbPzLx,Rigel Sison,bfi_BQvLimdc,DNA,35.2,1.97,2.25,24.6,bfi_jnOzpQic,17953700,Swabs,iSwab DNA,lib_J8uY6RqY,Puritan PurFlock Ultra,Buccal Cells,No,250
EXT1020,bfi_gppgRkK3,bfi_76l3w8c3,Vy Lam,bfi_BQvLimdc,DNA,14.6,1.75,2.0,6.0,bfi_jnOzpQic,17953700,Swabs,iSwab DNA,lib_J8uY6RqY,Puritan PurFlock Ultra,Buccal Cells,No,250
EXT1068,bfi_VBD6wZ4k,bfi_76l3w8c3,Andrew Wood,bfi_BQvLimdc,DNA,13.8,2.02,2.74,7.44,bfi_jnOzpQic,17953700,Swabs,iSwab DNA,lib_J8uY6RqY,Puritan PurFlock Ultra,Buccal Cells,No,250
EXT1044,bfi_Tl2IlFsA,bfi_76l3w8c3,Rigel Sison,bfi_BQvLimdc,DNA,14.4,2.07,1.66,8.6,bfi_jnOzpQic,17953700,Swabs,iSwab DNA,lib_J8uY6RqY,Puritan PurFlock Ultra,Buccal Cells,No,250
EXT1019,bfi_SUxycQcG,bfi_K4p0n9mL,Vy Lam,bfi_BQvLimdc,DNA,48.65,1.8,2.09,22.0,bfi_jnOzpQic,17953700,Swabs,iSwab DNA,lib_J8uY6RqY,Puritan PurFlock Ultra,Buccal Cells,No,250
EXT1067,bfi_YW4af2HJ,bfi_K4p0n9mL,Andrew Wood,bfi_BQvLimdc,DNA,38.2,1.96,2.2,23.2,bfi_jnOzpQic,17953700,Swabs,iSwab DNA,lib_J8uY6RqY,Puritan PurFlock Ultra,Buccal Cells,No,250
EXT1043,bfi_EMff0CgX,bfi_K4p0n9mL,Rigel Sison,bfi_BQvLimdc,DNA,48.4,1.92,1.75,25.3,bfi_jnOzpQic,17953700,Swabs,iSwab DNA,lib_J8uY6RqY,Puritan PurFlock Ultra,Buccal Cells,No,250
EXT1018,bfi_QPITvRSL,bfi_APyMw6LB,Vy Lam,bfi_BQvLimdc,DNA,39.4,1.82,1.91,20.3,bfi_jnOzpQic,17953700,Swabs,iSwab DNA,lib_J8uY6RqY,Puritan PurFlock Ultra,Buccal Cells,No,250
EXT1066,bfi_YTXXRtfG,bfi_APyMw6LB,Andrew Wood,bfi_BQvLimdc,DNA,34.9,1.9,2.19,24.4,bfi_jnOzpQic,17953700,Swabs,iSwab DNA,lib_J8uY6RqY,Puritan PurFlock Ultra,Buccal Cells,No,250
EXT1042,bfi_tRjmRSvH,bfi_APyMw6LB,Rigel Sison,bfi_BQvLimdc,DNA,38.9,1.87,1.86,28.6,bfi_jnOzpQic,17953700,Swabs,iSwab DNA,lib_J8uY6RqY,Puritan PurFlock Ultra,Buccal Cells,No,250
EXT1017,bfi_XgWadKFN,bfi_j0udMPN7,Vy Lam,bfi_BQvLimdc,DNA,19.0,1.76,1.78,9.28,bfi_jnOzpQic,17953700,Swabs,iSwab DNA,lib_J8uY6RqY,Puritan PurFlock Ultra,Buccal Cells,No,250
EXT1065,bfi_MJhOiw6V,bfi_j0udMPN7,Andrew Wood,bfi_BQvLimdc,DNA,14.9,2.0,3.29,11.2,bfi_jnOzpQic,17953700,Swabs,iSwab DNA,lib_J8uY6RqY,Puritan PurFlock Ultra,Buccal Cells,No,250
EXT1041,bfi_2CCZ3pg8,bfi_j0udMPN7,Rigel Sison,bfi_BQvLimdc,DNA,18.0,1.94,1.75,13.4,bfi_jnOzpQic,17953700,Swabs,iSwab DNA,lib_J8uY6RqY,Puritan PurFlock Ultra,Buccal Cells,No,250
EXT1016,bfi_mngUedTh,bfi_n3JDK8FE,Vy Lam,bfi_BQvLimdc,DNA,28.2,1.97,1.93,10.0,bfi_jnOzpQic,17953700,Swabs,iSwab DNA,lib_J8uY6RqY,Puritan PurFlock Ultra,Buccal Cells,No,250
EXT1064,bfi_0rBGv946,bfi_n3JDK8FE,Andrew Wood,bfi_BQvLimdc,DNA,33.4,2.01,1.8,6.0,bfi_jnOzpQic,17953700,Swabs,iSwab DNA,lib_J8uY6RqY,Puritan PurFlock Ultra,Buccal Cells,No,250
EXT1040,bfi_8OuSaeFo,bfi_n3JDK8FE,Rigel Sison,bfi_BQvLimdc,DNA,30.5,1.9,1.53,10.2,bfi_jnOzpQic,17953700,Swabs,iSwab DNA,lib_J8uY6RqY,Puritan PurFlock Ultra,Buccal Cells,No,250
EXT1015,bfi_IgdACFTA,bfi_vykuE6zI,Vy Lam,bfi_BQvLimdc,DNA,9.8,1.94,1.59,5.0,bfi_jnOzpQic,17953700,Swabs,iSwab DNA,lib_J8uY6RqY,Puritan PurFlock Ultra,Buccal Cells,No,250
EXT1014,bfi_X5mZmF0T,bfi_im3bJ0qk,Vy Lam,bfi_HTVWrpEU,DNA,23.4,1.93,1.92,16.0,bfi_jnOzpQic,17953700,Swabs,iSwab DNA,lib_J8uY6RqY,Copan - FLOQSwabs,Buccal Cells,No,250
EXT1063,bfi_U7kfMU7b,bfi_im3bJ0qk,Andrew Wood,bfi_HTVWrpEU,DNA,24.1,1.79,2.2,15.6,bfi_jnOzpQic,17953700,Swabs,iSwab DNA,lib_J8uY6RqY,Copan - FLOQSwabs,Buccal Cells,No,250
EXT1039,bfi_Bp61vOJy,bfi_im3bJ0qk,Rigel Sison,bfi_HTVWrpEU,DNA,26.9,1.82,1.59,18.1,bfi_jnOzpQic,17953700,Swabs,iSwab DNA,lib_J8uY6RqY,Copan - FLOQSwabs,Buccal Cells,No,250
EXT1013,bfi_p98zJvXv,bfi_Cgai51Hx,Vy Lam,bfi_HTVWrpEU,DNA,30.0,1.93,1.87,20.3,bfi_jnOzpQic,17953700,Swabs,iSwab DNA,lib_J8uY6RqY,Copan - FLOQSwabs,Buccal Cells,No,250
EXT1062,bfi_iUSlS3PR,bfi_Cgai51Hx,Andrew Wood,bfi_HTVWrpEU,DNA,33.7,1.81,1.58,19.3,bfi_jnOzpQic,17953700,Swabs,iSwab DNA,lib_J8uY6RqY,Copan - FLOQSwabs,Buccal Cells,No,250
EXT1038,bfi_Ie7WoDuh,bfi_Cgai51Hx,Rigel Sison,bfi_HTVWrpEU,DNA,32.8,1.85,1.78,15.9,bfi_jnOzpQic,17953700,Swabs,iSwab DNA,lib_J8uY6RqY,Copan - FLOQSwabs,Buccal Cells,No,250
EXT1012,bfi_LzBNy74B,bfi_r8VkvYgk,Vy Lam,bfi_HTVWrpEU,DNA,15.2,2.19,1.2,4.48,bfi_jnOzpQic,17953700,Swabs,iSwab DNA,lib_J8uY6RqY,Copan - FLOQSwabs,Buccal Cells,No,250
EXT1061,bfi_S97wGA8B,bfi_r8VkvYgk,Andrew Wood,bfi_HTVWrpEU,DNA,16.3,1.98,1.43,5.94,bfi_jnOzpQic,17953700,Swabs,iSwab DNA,lib_J8uY6RqY,Copan - FLOQSwabs,Buccal Cells,No,250
EXT1037,bfi_65Tr26dt,bfi_r8VkvYgk,Rigel Sison,bfi_HTVWrpEU,DNA,15.6,2.01,1.17,3.06,bfi_jnOzpQic,17953700,Swabs,iSwab DNA,lib_J8uY6RqY,Copan - FLOQSwabs,Buccal Cells,No,250
EXT1011,bfi_YV55PDRq,bfi_VZEPptch,Vy Lam,bfi_HTVWrpEU,DNA,44.7,2.04,2.16,12.4,bfi_jnOzpQic,17953700,Swabs,iSwab DNA,lib_J8uY6RqY,Copan - FLOQSwabs,Buccal Cells,No,250
EXT1060,bfi_JaVNnHlI,bfi_VZEPptch,Andrew Wood,bfi_HTVWrpEU,DNA,45.1,2.01,1.66,9.88,bfi_jnOzpQic,17953700,Swabs,iSwab DNA,lib_J8uY6RqY,Copan - FLOQSwabs,Buccal Cells,No,250
EXT1036,bfi_7tKoDUAM,bfi_VZEPptch,Rigel Sison,bfi_HTVWrpEU,DNA,43.6,1.94,2.16,10.6,bfi_jnOzpQic,17953700,Swabs,iSwab DNA,lib_J8uY6RqY,Copan - FLOQSwabs,Buccal Cells,No,250
EXT1010,bfi_3lrswDUv,bfi_ZXai6ydV,Vy Lam,bfi_HTVWrpEU,DNA,11.0,2.12,2.23,6.2,bfi_jnOzpQic,17953700,Swabs,iSwab DNA,lib_J8uY6RqY,Copan - FLOQSwabs,Buccal Cells,No,250
EXT1059,bfi_KUefqkfs,bfi_ZXai6ydV,Andrew Wood,bfi_HTVWrpEU,DNA,16.1,1.83,1.24,5.16,bfi_jnOzpQic,17953700,Swabs,iSwab DNA,lib_J8uY6RqY,Copan - FLOQSwabs,Buccal Cells,No,250
EXT1035,bfi_jUpRKRyu,bfi_ZXai6ydV,Rigel Sison,bfi_HTVWrpEU,DNA,13.6,1.95,0.95,8.0,bfi_jnOzpQic,17953700,Swabs,iSwab DNA,lib_J8uY6RqY,Copan - FLOQSwabs,Buccal Cells,No,250
EXT1009,bfi_MbE3LZgf,bfi_WMhSjSVd,Vy Lam,bfi_HTVWrpEU,DNA,36.1,1.95,1.41,20.0,bfi_jnOzpQic,17953700,Swabs,iSwab DNA,lib_J8uY6RqY,Copan - FLOQSwabs,Buccal Cells,No,250
EXT1058,bfi_csfjrVk3,bfi_WMhSjSVd,Andrew Wood,bfi_HTVWrpEU,DNA,36.4,1.82,1.59,18.2,bfi_jnOzpQic,17953700,Swabs,iSwab DNA,lib_J8uY6RqY,Copan - FLOQSwabs,Buccal Cells,No,250
EXT1034,bfi_f8LoQ8lW,bfi_WMhSjSVd,Rigel Sison,bfi_HTVWrpEU,DNA,37.7,1.76,1.27,19.8,bfi_jnOzpQic,17953700,Swabs,iSwab DNA,lib_J8uY6RqY,Copan - FLOQSwabs,Buccal Cells,No,250
EXT1008,bfi_CWuzsJfV,bfi_Vd11QDek,Vy Lam,bfi_HTVWrpEU,DNA,11.9,2.26,2.663,6.19,bfi_jnOzpQic,17953700,Swabs,iSwab DNA,lib_J8uY6RqY,Copan - FLOQSwabs,Buccal Cells,No,250
EXT1057,bfi_XjAcybKu,bfi_Vd11QDek,Andrew Wood,bfi_HTVWrpEU,DNA,14.1,1.9,1.47,3.55,bfi_jnOzpQic,17953700,Swabs,iSwab DNA,lib_J8uY6RqY,Copan - FLOQSwabs,Buccal Cells,No,250
EXT1033,bfi_YRigZ70O,bfi_Vd11QDek,Rigel Sison,bfi_HTVWrpEU,DNA,12.4,2.65,0.32,4.72,bfi_jnOzpQic,17953700,Swabs,iSwab DNA,lib_J8uY6RqY,Copan - FLOQSwabs,Buccal Cells,No,250
EXT1007,bfi_rCk2umuj,bfi_V3A2DgrK,Vy Lam,bfi_HTVWrpEU,DNA,32.3,2.03,2.29,13.4,bfi_jnOzpQic,17953700,Swabs,iSwab DNA,lib_J8uY6RqY,Copan - FLOQSwabs,Buccal Cells,No,250
EXT1056,bfi_veQiL5zg,bfi_V3A2DgrK,Andrew Wood,bfi_HTVWrpEU,DNA,31.6,1.91,1.8,8.08,bfi_jnOzpQic,17953700,Swabs,iSwab DNA,lib_J8uY6RqY,Copan - FLOQSwabs,Buccal Cells,No,250
EXT1032,bfi_2GHYc5q8,bfi_V3A2DgrK,Rigel Sison,bfi_HTVWrpEU,DNA,32.4,1.97,2.13,9.48,bfi_jnOzpQic,17953700,Swabs,iSwab DNA,lib_J8uY6RqY,Copan - FLOQSwabs,Buccal Cells,No,250
EXT1006,bfi_eDFFSktz,bfi_EF5ile4q,Vy Lam,bfi_HTVWrpEU,DNA,30.3,1.95,1.71,19.6,bfi_jnOzpQic,17953700,Swabs,iSwab DNA,lib_J8uY6RqY,Copan - FLOQSwabs,Buccal Cells,No,250
EXT1055,bfi_7E1jWMbZ,bfi_EF5ile4q,Andrew Wood,bfi_HTVWrpEU,DNA,32.5,1.85,2.69,17.1,bfi_jnOzpQic,17953700,Swabs,iSwab DNA,lib_J8uY6RqY,Copan - FLOQSwabs,Buccal Cells,No,250
EXT1031,bfi_fPtFCFs4,bfi_EF5ile4q,Rigel Sison,bfi_HTVWrpEU,DNA,28.6,1.84,1.77,16.7,bfi_jnOzpQic,17953700,Swabs,iSwab DNA,lib_J8uY6RqY,Copan - FLOQSwabs,Buccal Cells,No,250
EXT1005,bfi_vLT5wEyw,bfi_AcJ3DUII,Vy Lam,bfi_HTVWrpEU,DNA,43.7,1.97,2.32,15.6,bfi_jnOzpQic,17953700,Swabs,iSwab DNA,lib_J8uY6RqY,Copan - FLOQSwabs,Buccal Cells,No,250
EXT1054,bfi_B1p0SmgS,bfi_AcJ3DUII,Andrew Wood,bfi_HTVWrpEU,DNA,45.7,1.83,1.72,12.3,bfi_jnOzpQic,17953700,Swabs,iSwab DNA,lib_J8uY6RqY,Copan - FLOQSwabs,Buccal Cells,No,250
EXT1030,bfi_tFADxhfA,bfi_AcJ3DUII,Rigel Sison,bfi_HTVWrpEU,DNA,45.1,1.92,1.83,15.3,bfi_jnOzpQic,17953700,Swabs,iSwab DNA,lib_J8uY6RqY,Copan - FLOQSwabs,Buccal Cells,No,250
EXT1004,bfi_g1EZBYfv,bfi_fT9BM5m7,Vy Lam,bfi_HTVWrpEU,DNA,33.6,1.98,2.19,18.3,bfi_jnOzpQic,17953700,Swabs,iSwab DNA,lib_J8uY6RqY,Copan - FLOQSwabs,Buccal Cells,No,250
EXT1053,bfi_49kV7qJ0,bfi_fT9BM5m7,Andrew Wood,bfi_HTVWrpEU,DNA,37.2,1.81,1.61,14.3,bfi_jnOzpQic,17953700,Swabs,iSwab DNA,lib_J8uY6RqY,Copan - FLOQSwabs,Buccal Cells,No,250
EXT1029,bfi_Kf7vs18Z,bfi_fT9BM5m7,Rigel Sison,bfi_HTVWrpEU,DNA,33.5,1.9,1.56,11.8,bfi_jnOzpQic,17953700,Swabs,iSwab DNA,lib_J8uY6RqY,Copan - FLOQSwabs,Buccal Cells,No,250
EXT1003,bfi_jVGUthCw,bfi_veGQTLZv,Vy Lam,bfi_HTVWrpEU,DNA,16.4,2.0,2.72,8.84,bfi_jnOzpQic,17953700,Swabs,iSwab DNA,lib_J8uY6RqY,Copan - FLOQSwabs,Buccal Cells,No,250
EXT1052,bfi_CAHpO7iR,bfi_veGQTLZv,Andrew Wood,bfi_HTVWrpEU,DNA,18.3,1.91,1.52,7.12,bfi_jnOzpQic,17953700,Swabs,iSwab DNA,lib_J8uY6RqY,Copan - FLOQSwabs,Buccal Cells,No,250
EXT1028,bfi_8jiJalgH,bfi_veGQTLZv,Rigel Sison,bfi_HTVWrpEU,DNA,18.9,1.8,2.35,8.44,bfi_jnOzpQic,17953700,Swabs,iSwab DNA,lib_J8uY6RqY,Copan - FLOQSwabs,Buccal Cells,No,250
